School,OFF Rating,DEF Rating,OVR Rating,OFF Rank,DEF Rank,OVR Rank
Raymore-Peculiar,5.17,8.04,13.21,8,1,1
Liberty North,6.24,6.77,13.01,1,6,2
Ft. Zumwalt West,5.52,6.97,12.48,5,4,3
Blue Springs South,5.5,6.9,12.4,6,5,4
Rock Bridge,5.78,6.52,12.3,2,9,5
Kearney,4.19,7.55,11.74,15,2,6
Helias Catholic,4.69,6.43,11.11,10,11,7
Liberty,5.71,5.08,10.79,3,27,8
Grain Valley,4.38,6.34,10.72,12,14,9
Eureka,3.92,6.7,10.63,18,7,10
Francis Howell Central,4.11,6.5,10.61,16,10,11
Kickapoo,5.53,4.88,10.4,4,30,12
Lee's Summit,4.25,5.92,10.18,14,17,13
Lee's Summit West,4.75,5.4,10.16,9,22,14
Centralia,3.53,6.61,10.13,22,8,15
Troy Buchanan,3.12,6.37,9.49,29,12,16
Parkway West,3.84,5.59,9.43,19,21,17
Lafayette (Wildwood),5.22,4.12,9.34,7,39,18
Mid-Buchanan,3.47,5.82,9.29,23,19,19
Father Tolton,2.77,6.35,9.12,36,13,20
Park Hill,2.11,7.0,9.11,59,3,21
Francis Howell,4.29,4.75,9.04,13,33,22
Staley,3.72,5.32,9.04,20,23,23
Francis Howell North,2.61,6.28,8.9,38,15,24
Lindbergh,2.58,5.91,8.49,39,18,25
Blue Springs,4.1,4.29,8.38,17,37,26
Belton,3.4,4.54,7.94,26,34,27
Winfield,1.96,5.94,7.91,64,16,28
Westminster Christian Academy,2.82,5.05,7.87,33,28,29
Elsberry,2.05,5.82,7.87,60,20,30
Chaffee,3.23,4.39,7.63,27,35,31
Liberty (Wentzville),3.7,3.84,7.54,21,41,32
Chillicothe,2.11,5.26,7.37,58,24,33
St. Dominic,2.51,4.85,7.36,45,32,34
Hickman,4.4,2.91,7.32,11,69,35
Platte County,2.21,4.86,7.06,52,31,36
Marquette,3.42,3.63,7.05,25,44,37
Jackson,2.01,4.9,6.92,62,29,38
Linn,1.62,5.21,6.83,73,25,39
Highland,3.46,3.1,6.56,24,60,40
Timberland,2.13,4.36,6.49,55,36,41
Marshfield,2.56,3.81,6.37,42,42,42
Southern Boone,2.99,3.2,6.2,31,59,43
St. Elizabeth,2.69,3.37,6.07,37,53,44
Cor Jesu Academy,3.14,2.92,6.06,28,68,45
Oak Grove,2.46,3.51,5.96,47,46,46
Rockwood Summit,3.06,2.82,5.88,30,70,47
Holden,2.41,3.46,5.87,49,49,48
Willard,2.29,3.54,5.83,50,45,49
Notre Dame (Cape Girardeau),1.54,4.14,5.68,78,38,50
Festus,2.15,3.4,5.55,54,51,51
Jefferson City,0.17,5.14,5.3,118,26,52
Washington,2.86,2.43,5.29,32,81,53
Hillsboro,1.77,3.47,5.24,68,48,54
Macon,2.44,2.71,5.15,48,74,55
Lawson,2.81,2.31,5.12,34,85,56
Nixa,2.81,2.18,4.99,35,89,57
Odessa,2.5,2.41,4.92,46,82,58
Republic,1.39,3.48,4.87,83,47,59
Pleasant Hill,2.22,2.63,4.85,51,76,60
Silex,0.88,3.94,4.82,95,40,61
North Callaway,1.01,3.64,4.66,93,43,62
Parkway Central,1.77,2.79,4.57,69,72,63
Windsor (Imperial),1.64,2.93,4.57,72,67,64
Smithville,2.55,2.02,4.57,43,95,65
Savannah,1.03,3.45,4.48,90,50,66
Mexico,1.86,2.56,4.42,66,79,67
Doniphan,1.03,3.25,4.28,91,57,68
Montgomery County,0.98,3.28,4.26,94,56,69
Ozark,1.19,3.06,4.25,84,62,70
Lee's Summit North,2.11,2.06,4.17,57,92,71
Parkway South,2.12,2.04,4.16,56,93,72
Kirksville,1.06,3.01,4.08,88,65,73
West Platte,0.83,3.1,3.93,98,61,74
Fatima,1.13,2.59,3.72,85,78,75
Webb City,1.06,2.66,3.72,89,75,76
Russellville,2.53,1.16,3.69,44,113,77
St. Joseph's Academy,1.61,2.06,3.67,74,91,78
Harrisburg,0.61,3.02,3.64,103,64,79
Hallsville,1.58,2.02,3.6,75,94,80
Oakville,0.21,3.23,3.45,116,58,81
Van-Far,2.04,1.17,3.21,61,112,82
Rolla,1.57,1.44,3.01,76,101,83
Excelsior Springs,1.51,1.45,2.96,79,100,84
Carrollton,1.4,1.56,2.96,82,99,85
New Bloomfield,0.56,2.38,2.94,104,84,86
Blair Oaks,1.98,0.93,2.91,63,117,87
Marceline,1.02,1.87,2.89,92,96,88
Ft. Zumwalt North,2.58,0.13,2.71,40,136,89
Kelly,-0.18,2.81,2.63,125,71,90
Fort Osage,0.43,2.19,2.62,109,87,91
Northeast (Cairo),-0.76,3.37,2.61,142,52,92
Summit Christian Academy,-0.75,3.33,2.58,141,55,93
Northwest (Cedar Hill),0.43,2.15,2.58,110,90,94
North Point,1.96,0.5,2.46,65,129,95
Union,1.09,1.35,2.44,87,105,96
Bowling Green,1.68,0.75,2.43,71,121,97
Glasgow,1.44,0.98,2.42,81,115,98
Lathrop,1.11,1.24,2.35,86,109,99
DeSoto,0.45,1.86,2.31,108,97,100
Incarnate Word Academy,1.82,0.5,2.31,67,130,101
Bolivar,1.68,0.6,2.28,70,125,102
McDonald County,1.55,0.71,2.26,77,122,103
Albany,-0.41,2.6,2.19,132,77,104
Fox,-0.23,2.4,2.17,128,83,105
Capital City,2.57,-0.44,2.14,41,145,106
Jamestown,-0.41,2.52,2.11,133,80,107
Seckman,0.73,1.38,2.1,100,104,108
North Shelby,-1.24,3.34,2.1,158,54,109
Joplin,-0.95,3.01,2.06,146,66,110
Louisiana,0.65,1.34,1.99,101,106,111
Cassville,-0.26,2.19,1.92,129,88,112
Eugene,0.61,1.29,1.9,102,107,113
Eldon,-0.98,2.79,1.81,147,73,114
Logan-Rogersville,-0.5,2.21,1.72,136,86,115
Benton,0.88,0.76,1.63,96,120,116
Fredericktown,2.18,-0.6,1.58,53,148,117
Carl Junction,1.44,0.11,1.55,80,137,118
Carthage,0.31,1.18,1.49,113,111,119
North Platte,-1.65,3.05,1.4,175,63,120
Princeton,-0.22,1.38,1.16,127,103,121
Moberly,0.47,0.55,1.01,107,128,122
Park Hill South,0.39,0.59,0.98,111,126,123
Ft. Zumwalt East,0.88,0.09,0.97,97,138,124
Poplar Bluff,-0.22,1.14,0.92,126,114,125
Iberia,0.03,0.63,0.66,121,123,126
Kirkwood,-0.83,1.2,0.36,145,110,127
Ft. Zumwalt South,0.79,-0.5,0.28,99,147,128
California,-1.45,1.72,0.27,167,98,129
Orchard Farm,-0.05,0.3,0.25,123,133,130
Gallatin,-1.03,0.98,-0.05,149,116,131
Hazelwood West,-1.58,1.4,-0.18,173,102,132
Webster Groves,-0.83,0.59,-0.24,144,127,133
North County,0.17,-0.42,-0.25,117,144,134
Trenton,-1.08,0.78,-0.29,151,119,135
Hermann,0.32,-0.96,-0.65,112,159,136
Stanberry,-0.44,-0.33,-0.77,135,142,137
Palmyra,0.52,-1.31,-0.78,105,167,138
Marion C. Early,-1.24,0.4,-0.84,157,132,139
Wheatland,-0.15,-0.72,-0.87,124,153,140
Monroe City,-0.04,-0.91,-0.95,122,158,141
St. Charles,-0.63,-0.6,-1.23,139,149,142
Halfway,-1.67,0.41,-1.26,176,131,143
Wright City,-0.53,-0.79,-1.32,137,154,144
Cameron,-0.68,-0.7,-1.38,140,152,145
Plattsburg,-1.13,-0.33,-1.46,154,143,146
Mark Twain,-0.29,-1.22,-1.51,131,163,147
Clopton,-1.51,-0.0,-1.51,170,139,148
DeKalb,-2.17,0.6,-1.56,185,124,149
Holt,0.16,-1.75,-1.6,119,171,150
Camdenton,0.25,-1.86,-1.61,115,173,151
Branson,-1.28,-0.64,-1.92,159,150,152
Fayette,-1.16,-0.85,-2.01,155,156,153
Canton,-1.36,-0.8,-2.16,162,155,154
Ritenour,-1.01,-1.21,-2.21,148,162,155
Osage,-2.56,0.23,-2.33,196,134,156
Glendale,-1.52,-0.89,-2.41,171,157,157
Community,-0.62,-1.82,-2.44,138,172,158
Seneca,-3.8,1.27,-2.53,216,108,159
Central (St. Joseph),-1.85,-0.69,-2.54,178,151,160
Monett,-2.38,-0.19,-2.56,192,140,161
Hartville,-2.38,-0.2,-2.59,193,141,162
Winnetonka,-2.19,-0.47,-2.66,187,146,163
Penney,-1.46,-1.24,-2.69,168,164,164
Pacific,0.25,-2.96,-2.71,114,191,165
Boonville,-1.37,-1.4,-2.77,163,169,166
Norwood,-2.99,0.19,-2.8,208,135,167
Worth County,-2.08,-0.98,-3.06,183,160,168
Oak Park,-1.95,-1.27,-3.22,179,165,169
Schuyler County,-1.38,-1.91,-3.29,166,174,170
New Franklin,-1.61,-1.74,-3.34,174,170,171
La Plata,-1.09,-2.26,-3.35,152,180,172
Marshall,0.51,-3.88,-3.37,106,201,173
Owensville,-1.38,-2.06,-3.44,164,178,174
Lexington,-0.43,-3.17,-3.6,134,193,175
Fulton,0.08,-3.67,-3.6,120,199,176
Putnam County,-4.53,0.93,-3.61,228,118,177
Brookfield,-1.35,-2.33,-3.68,161,183,178
Waynesville,-2.43,-1.27,-3.7,194,166,179
St. Michael the Archangel,-2.75,-0.99,-3.73,201,161,180
Clark County,-1.38,-2.54,-3.91,165,185,181
Westran,-1.33,-2.65,-3.99,160,187,182
Lafayette County,-2.82,-1.35,-4.17,203,168,183
Farmington,-1.57,-2.77,-4.34,172,188,184
Valley Park,-1.47,-2.96,-4.43,169,190,185
Hannibal,-2.17,-2.3,-4.47,186,181,186
Harrisonville,-2.37,-2.14,-4.52,191,179,187
West Plains,-2.01,-2.56,-4.57,181,186,188
Van Buren,-2.25,-2.33,-4.58,188,182,189
Warrenton,-1.06,-3.64,-4.7,150,198,190
Clinton,-2.72,-2.04,-4.76,200,177,191
Lebanon,-0.8,-3.99,-4.8,143,203,192
Dixon,-2.82,-1.99,-4.81,204,176,193
Warrensburg,-0.26,-4.77,-5.04,130,208,194
Neelyville,-1.23,-3.99,-5.22,156,202,195
Maysville,-2.13,-3.18,-5.31,184,194,196
Aurora,-3.04,-2.52,-5.56,209,184,197
St. Pius X (Kansas City),-2.84,-3.01,-5.85,205,192,198
Scotland County,-2.61,-3.29,-5.9,197,196,199
North Andrew,-3.39,-2.8,-6.19,212,189,200
Ladue Horton Watkins,-4.37,-1.93,-6.3,226,175,201
Hillcrest,-2.75,-3.76,-6.51,202,200,202
Bishop LeBlond,-1.84,-5.09,-6.93,177,211,203
Knox County,-2.03,-5.01,-7.04,182,209,204
William Chrisman,-3.12,-4.67,-7.79,210,207,205
St. Teresa's Academy,-2.36,-5.69,-8.06,190,217,206
Jefferson (Festus),-2.71,-5.44,-8.15,199,214,207
Higbee,-4.1,-4.08,-8.17,222,204,208
Naylor,-4.81,-3.61,-8.42,231,197,209
East Carter,-4.22,-4.31,-8.53,223,206,210
South Shelby,-3.51,-5.08,-8.6,213,210,211
Crocker,-2.52,-6.22,-8.74,195,225,212
Walnut Grove,-2.87,-5.87,-8.74,207,220,213
South Callaway,-2.01,-7.02,-9.03,180,232,214
Parkway North,-2.28,-6.89,-9.17,189,230,215
North Harrison,-3.29,-5.91,-9.2,211,222,216
Macks Creek,-5.05,-4.27,-9.32,236,205,217
St. Clair,-3.9,-5.48,-9.37,218,215,218
Marion County,-6.09,-3.28,-9.37,246,195,219
Polo,-3.95,-5.61,-9.56,219,216,220
Central (Cape Girardeau),-3.73,-6.09,-9.82,215,223,221
Ursuline Academy,-4.62,-5.26,-9.88,229,212,222
Richland,-4.25,-5.91,-10.16,225,221,223
Sherwood,-3.62,-6.72,-10.34,214,227,224
Northeast Nodaway,-4.85,-5.76,-10.6,232,218,225
Richmond,-5.52,-5.27,-10.79,241,213,226
St. Pius X (Festus),-4.98,-5.85,-10.84,234,219,227
Raytown,-4.05,-7.0,-11.05,221,231,228
Novinger,-4.24,-6.84,-11.08,224,229,229
Green City,-5.08,-6.11,-11.19,238,224,230
Mehlville,-4.52,-6.78,-11.3,227,228,231
Maryville,-4.01,-7.42,-11.43,220,234,232
Brashear,-3.89,-7.66,-11.55,217,236,233
Perryville,-4.93,-7.09,-12.02,233,233,234
Atlanta,-2.66,-10.17,-12.83,198,245,235
North Kansas City,-5.06,-8.03,-13.1,237,237,236
Humansville,-5.44,-8.43,-13.86,240,238,237
Madison,-5.03,-8.91,-13.93,235,241,238
St. James,-1.11,-13.47,-14.59,153,260,239
East Buchanan,-5.9,-8.79,-14.69,245,240,240
Meadville,-8.25,-6.44,-14.69,260,226,241
Milan,-7.81,-7.51,-15.32,257,235,242
Bevier,-6.73,-8.6,-15.33,250,239,243
Newburg,-4.8,-10.54,-15.34,230,248,244
Pattonville,-2.86,-12.54,-15.4,206,255,245
Sikeston,-5.24,-10.76,-16.0,239,250,246
Nevada,-5.74,-10.36,-16.1,244,247,247
Tri-County,-7.11,-9.04,-16.15,254,242,248
Maplewood-Richmond Hts.,-7.49,-9.39,-16.88,255,244,249
Hermitage,-7.61,-9.39,-17.0,256,243,250
Notre Dame de Sion,-5.6,-11.44,-17.04,242,253,251
Knob Noster,-6.77,-10.31,-17.08,251,246,252
Weaubleau,-5.68,-11.43,-17.11,243,252,253
Pilot Grove,-6.96,-10.7,-17.65,253,249,254
University City,-6.28,-12.74,-19.02,247,256,255
Lincoln College Prep,-8.24,-10.97,-19.21,259,251,256
Affton,-8.11,-12.38,-20.49,258,254,257
Grandview,-8.88,-13.13,-22.01,264,257,258
Parkview,-8.31,-13.77,-22.09,261,261,259
Wellsville-Middletown,-8.91,-13.18,-22.09,265,258,260
Cuba,-6.53,-15.92,-22.45,249,263,261
Linn County,-9.76,-13.4,-23.16,266,259,262
Mercer,-6.8,-17.96,-24.76,252,267,263
Climax Springs,-6.52,-18.56,-25.08,248,268,264
Ruskin,-10.05,-15.2,-25.25,268,262,265
Clayton,-8.76,-17.82,-26.58,263,266,266
STEAM Academy,-8.5,-18.73,-27.23,262,269,267
Raytown South,-9.78,-17.5,-27.29,267,265,268
Hancock,-11.89,-16.86,-28.75,269,264,269
Normandy Collaborative,-21.47,-21.26,-42.73,270,270,270
